ID,NAME,EMAIL,CEP
1,Valentina Cardoso,renan96@gomes.com,07513-161
2,Larissa da Cruz,stephany98@hotmail.com,47278-525
3,Dra. Maria Vitória Barbosa,maria-eduarda85@hotmail.com,99887-173
4,Maria Vitória Gomes,joao-vitorsilveira@lima.br,89797-202
5,Julia Rocha,davi29@uol.com.br,91301143
6,Helena Cavalcanti,cgomes@araujo.com,80641517
7,Francisco Nunes,ana-julia39@ig.com.br,06361342
8,Marcos Vinicius Barbosa,maria99@aragao.com,95632-927
9,João Felipe Santos,azevedomaria-fernanda@nogueira.net,56538294
10,Amanda Souza,elisadias@hotmail.com,13242-606
11,Bruna Pires,doliveira@bol.com.br,78301-496
12,Kevin Monteiro,pedrodas-neves@bol.com.br,99345973
13,Yuri da Mota,fernando40@bol.com.br,63992-737
14,Clara Rodrigues,mariana07@caldeira.com,79602851
15,Cauê Campos,caldeiradiego@hotmail.com,67382-498
16,Marcelo da Mota,vicente34@campos.com,08190002
17,Carolina Nogueira,davi-lucasbarbosa@uol.com.br,93278-353
18,Marcos Vinicius Cavalcanti,henriquesantos@gmail.com,87639-155
19,Eloah Barbosa,ana-julia52@hotmail.com,60803413
20,Pietra Martins,rodrigofreitas@bol.com.br,63351979
21,Maria Cecília Cavalcanti,ninanascimento@alves.org,64489597
22,Heloísa da Mota,portomarcelo@yahoo.com.br,88023532
23,Juan Azevedo,limaisaac@bol.com.br,70739-388
24,Srta. Sophie Vieira,barbarasouza@uol.com.br,95795463
25,Dr. Eduardo Martins,estherazevedo@yahoo.com.br,43787-336
26,Mariane Cavalcanti,ribeiropietro@hotmail.com,63767-659
27,Henrique Souza,nogueirajoao-miguel@yahoo.com.br,24700955
28,Julia Melo,pintoamanda@da.com,12353-807
29,Miguel Barros,ulopes@yahoo.com.br,76989-828
30,Maria Fernanda Porto,nataliamoura@teixeira.br,51749-918
31,Bianca Cunha,carvalhonicolas@ig.com.br,85753-282
32,Cecília Gonçalves,souzajoao-gabriel@bol.com.br,92725060
33,Mirella da Cruz,jda-rosa@gmail.com,55449-926
34,Sofia Costela,brenoalves@alves.org,16794428
35,João Miguel Moreira,smoura@cavalcanti.net,21623645
36,Lorena Ribeiro,portoheloisa@gmail.com,77208767
37,Maria Clara Peixoto,ana-clararocha@souza.com,28521845
38,Vinicius Rezende,silvavicente@cunha.net,21758-127
39,Srta. Bianca Cunha,fariasjoao@cardoso.com,23043734
40,Vitor Fernandes,pedro-lucas04@uol.com.br,52445-070
41,Alícia da Rosa,igor75@ig.com.br,35216628
42,Lucas Gabriel Martins,zaragao@bol.com.br,92360-780
43,Lucas Gabriel Duarte,rafaela56@bol.com.br,78198616
44,Lorena da Cunha,caroline54@das.com,03317-608
45,Rodrigo Peixoto,manuela23@bol.com.br,13718-723
46,Maitê Lima,yrezende@hotmail.com,80411-800
47,Cauã da Costa,matheusferreira@gmail.com,53914305
48,Evelyn Sales,martinsjulia@ig.com.br,24318-597
49,Ana Laura Teixeira,kevin74@duarte.org,60301149
50,Sr. Pietro Moraes,znunes@pires.net,42640514
51,Natália Porto,melolarissa@aragao.br,34106713
52,Evelyn Novaes,ferreiradanilo@novaes.br,45856-511
53,Davi Rocha,ypires@ig.com.br,29355-702
54,Davi Luiz Sales,xnascimento@yahoo.com.br,91386-601
55,Brenda Rocha,lsales@silveira.com,78750976
56,Leandro Sales,davi-luizsouza@santos.com,08324198
57,Isaac Correia,goncalvesfernanda@ramos.br,29946-879
58,Sr. André Fernandes,nda-luz@gmail.com,66184242
59,Maria Vitória Cardoso,luigi53@ig.com.br,25366-248
60,Amanda Dias,isilva@hotmail.com,58414660
61,Otávio Santos,fporto@pires.br,72533-746
62,Antônio da Cunha,ccorreia@da.br,89495-465
63,Bruno Silva,marinarezende@bol.com.br,85607-960
64,Cauã Barros,hcorreia@martins.com,66006349
65,Luana Porto,asales@moreira.com,35185-371
66,Daniela Porto,theo02@bol.com.br,10036793
67,Clara Correia,ana-luizada-mata@hotmail.com,67873-362
68,Joaquim Lima,marcos-viniciusduarte@novaes.com,87673257
69,Bryan Jesus,costelamilena@martins.br,74113264
70,Olivia Barros,ida-paz@ig.com.br,59306510
71,Breno Caldeira,danilo81@yahoo.com.br,59984-897
72,Ana Lívia da Mata,pietro91@cardoso.br,32789-981
73,João Felipe Ferreira,ryannovaes@costa.br,41041116
74,Theo Silveira,zazevedo@gmail.com,53293491
75,Ana Julia Aragão,anthonyduarte@bol.com.br,15874-078
76,Maria Cecília Oliveira,joliveira@da.com,64297306
77,Ana Vitória Peixoto,moreiraalice@souza.org,56968791
78,Dr. Thales Moreira,mariaporto@moura.br,11881-413
79,Dra. Ana Carolina Rodrigues,ribeironatalia@farias.br,69348-238
80,Enzo Araújo,joao07@nunes.com,30493025
81,Davi Lucas Ramos,beatrizda-conceicao@lima.com,95923-921
82,Carlos Eduardo Martins,pietrarezende@bol.com.br,55562-763
83,Leonardo Ramos,fdias@hotmail.com,11236-964
84,Luiz Felipe da Costa,heitor02@melo.br,75382-738
85,Gabriel Castro,joao69@duarte.org,34325-190
86,Nina das Neves,da-rochathales@novaes.br,81790164
87,Manuela da Costa,salesmiguel@da.net,88118963
88,Manuela das Neves,thomasda-conceicao@hotmail.com,75313633
89,Melissa Rodrigues,bernardo70@cardoso.com,35675657
90,Manuela Fogaça,xmoreira@uol.com.br,48335-082
91,Maria Freitas,costelayago@fernandes.br,58262-035
92,Erick Cardoso,amandafernandes@bol.com.br,68590248
93,Joana Peixoto,lorenzoda-luz@bol.com.br,56376-335
94,Maysa Fernandes,silvavitor-gabriel@gmail.com,41226-166
95,André da Luz,fernanda40@da.net,24054422
96,Maysa Martins,tfogaca@barros.br,58805303
97,Otávio Rocha,laura47@hotmail.com,25697-080
98,Juan Moreira,isabellaalmeida@cunha.com,11066992
99,Antônio Aragão,luiz-henrique10@martins.com,45931-668
100,Gabriela Lima,kcaldeira@da.net,63851-591
